{
  "eigenvalues_real": [
    0.6077460050582886,
    -0.37601760029792786,
    0.08254870027303696,
    0.08254870027303696,
    -0.07321576774120331
  ],
  "eigenvalues_imag": [
    0.0,
    0.0,
    0.08382109552621841,
    -0.08382109552621841,
    0.0
  ],
  "singular_values": [
    0.7979437708854675,
    0.5400465130805969,
    0.20913518965244293,
    0.078543521463871,
    0.032714344561100006
  ],
  "spectral_gap": 0.19562386547695282,
  "entropy_total": 0.9379056692123413,
  "entropy_empirical": 4.2169852112916,
  "entropy_ci_lower": 3.795883080465136,
  "entropy_ci_upper": 4.511288338501918,
  "entropy_std_error": 0.18639264313285608,
  "entropy_knn": 0.2579687073579596,
  "entropy_knn_k": 5,
  "mean_irreversibility": 1.3635337352752686,
  "max_irreversibility": 647.2471923828125,
  "irrev_method": "eigendecomposition",
  "relaxation_times": [
    10.040196418762207,
    5.111850738525391,
    2.3363540172576904,
    2.3363540172576904,
    1.9125251770019531
  ],
  "n_modes": 5,
  "detailed_balance_violation": 0.4865391061085265,
  "detailed_balance_ratio": 0.5568983066348927,
  "n_complex_modes": 2,
  "complex_fraction": 0.02584098339816251,
  "spectral_radius": 0.6077460050582886,
  "fluctuation_theorem_ratio": 0.5188576975729662,
  "ft_log_deviation": 0.6561256192059449,
  "fluctuation_theorem_method": "integral_ft",
  "ft_numerically_intractable": false,
  "ktnd_nber_accuracy": 0.8612945838837517,
  "ktnd_nber_precision": 0.2695099818511797,
  "ktnd_nber_recall": 0.45904173106646057,
  "ktnd_nber_f1": 0.339622641509434,
  "ktnd_naive_accuracy": 0.922300948721028,
  "ktnd_recession_label": 0,
  "ktnd_detection_method": "hmm",
  "ktnd_bic_best_n": 4,
  "ktnd_bic_values": {
    "2": -167872700.76068297,
    "3": -290288246.3938854,
    "4": -347009435.69239974
  },
  "ktnd_mean_regime_duration": 17.754797441364605,
  "ktnd_n_regimes_detected": 2,
  "vamp2_score": -0.7832565928498904,
  "test_total_loss": -0.7825852433840433
}