{
  "eigenvalues_real": [
    0.39994752407073975,
    0.39994752407073975,
    0.42483726143836975,
    -0.2101944088935852,
    -0.2101944088935852,
    -0.3111199140548706,
    -0.3111199140548706,
    0.031383682042360306,
    0.031383682042360306,
    0.18293356895446777,
    0.18293356895446777,
    -0.15774445235729218,
    0.09511592984199524,
    -0.013224798254668713,
    -0.013224798254668713
  ],
  "eigenvalues_imag": [
    0.16502536833286285,
    -0.16502536833286285,
    0.0,
    0.3145647644996643,
    -0.3145647644996643,
    0.17460957169532776,
    -0.17460957169532776,
    0.33095866441726685,
    -0.33095866441726685,
    0.16853445768356323,
    -0.16853445768356323,
    0.0,
    0.0,
    0.03311154246330261,
    -0.03311154246330261
  ],
  "singular_values": [
    0.7398813366889954,
    0.5732492804527283,
    0.547590434551239,
    0.5174942016601562,
    0.45014142990112305,
    0.4375397861003876,
    0.356832355260849,
    0.3458429276943207,
    0.32508814334869385,
    0.270402729511261,
    0.17491984367370605,
    0.12070094794034958,
    0.09285422414541245,
    0.039762917906045914,
    0.009439608082175255
  ],
  "spectral_gap": 0.16756236871293675,
  "entropy_total": 0.96394282579422,
  "entropy_empirical": 18.824890822649888,
  "entropy_ci_lower": 17.952335306621503,
  "entropy_ci_upper": 19.858125660839523,
  "entropy_std_error": 0.513939755725566,
  "entropy_knn": 0.3078133308979325,
  "entropy_knn_k": 5,
  "mean_irreversibility": 5.700822830200195,
  "max_irreversibility": 1344.452880859375,
  "irrev_method": "eigendecomposition",
  "relaxation_times": [
    5.967926979064941,
    5.967926979064941,
    5.840786933898926,
    5.144077301025391,
    5.144077301025391,
    4.8512282371521,
    4.8512282371521,
    4.540146827697754,
    4.540146827697754,
    3.593576669692993,
    3.593576669692993,
    2.7074167728424072,
    2.1252551078796387,
    1.4997587203979492,
    1.4997587203979492
  ],
  "n_modes": 15,
  "detailed_balance_violation": 0.6607442179901021,
  "detailed_balance_ratio": 0.8802749996226786,
  "n_complex_modes": 10,
  "complex_fraction": 0.4004288773544427,
  "spectral_radius": 0.4326562285423279,
  "gc_slope": 0.0,
  "gc_intercept": 0.0,
  "gc_r_squared": 0.0,
  "fluctuation_theorem_method": "gallavotti_cohen",
  "fluctuation_theorem_ratio": 0.002185956347243449,
  "ft_log_deviation": 6.125701858666223,
  "ft_numerically_intractable": true,
  "ktnd_nber_accuracy": 0.8778128286014721,
  "ktnd_nber_precision": 0.4193121693121693,
  "ktnd_nber_recall": 0.690631808278867,
  "ktnd_nber_f1": 0.5218106995884773,
  "ktnd_naive_accuracy": 0.9034700315457413,
  "ktnd_recession_label": 0,
  "ktnd_detection_method": "hmm",
  "ktnd_bic_best_n": 4,
  "ktnd_bic_values": {
    "2": 126781122.38027102,
    "3": 92260515.1392033,
    "4": 81963914.83946234
  },
  "ktnd_mean_regime_duration": 11.8875,
  "ktnd_n_regimes_detected": 2,
  "vamp2_score": -1.679619590441386,
  "test_total_loss": -1.6780081391334534
}