{
  "mode": "univariate",
  "k_values": [
    3,
    5,
    10,
    15,
    20,
    30,
    50
  ],
  "spectral_entropies": [
    8.14265251159668,
    2.6915884017944336,
    3.348313808441162,
    5.741981029510498,
    7.62637186050415,
    9.901403427124023,
    14.566937446594238
  ],
  "vamp2_scores": [
    0.8906314373016357,
    0.8103325963020325,
    1.1860835552215576,
    1.2534486055374146,
    1.40451180934906,
    1.638092279434204,
    17.151233673095703
  ],
  "empirical_estimate": 4.2169852112916,
  "empirical_ci_lower": 3.795883080465136,
  "empirical_ci_upper": 4.511288338501918,
  "seed": 42
}