{
  "mode": "multiasset",
  "k_values": [
    3,
    5,
    10,
    15,
    20,
    30,
    50
  ],
  "spectral_entropies": [
    6.702910423278809,
    13.903735160827637,
    5.77463436126709,
    7.966012477874756,
    8.342469215393066,
    13.122447967529297,
    20.385732650756836
  ],
  "vamp2_scores": [
    1.9866015911102295,
    3.1037850379943848,
    2.3774075508117676,
    2.3777472972869873,
    2.6206119060516357,
    3.169529676437378,
    5.121108531951904
  ],
  "empirical_estimate": 0.30990753291733736,
  "empirical_ci_lower": 0.2479260263338699,
  "empirical_ci_upper": 0.3718890395008048,
  "seed": 42
}