{
  "univariate": {
    "n_seeds": 5,
    "seeds": [
      0,
      1,
      2,
      3,
      42
    ],
    "vamp2_score_mean": -0.7536851629614829,
    "vamp2_score_std": 0.022928346581223898,
    "spectral_gap_mean": 0.19782343622123202,
    "spectral_gap_std": 0.06941552066842258,
    "entropy_empirical_mean": 4.2169852112916,
    "entropy_empirical_std": 0.0,
    "entropy_total_mean": 2.917148995399475,
    "entropy_total_std": 1.8593939981601066,
    "mean_irreversibility_mean": 2.7276301860809324,
    "mean_irreversibility_std": 1.2071921839940005,
    "detailed_balance_violation_mean": 0.5007006593949248,
    "detailed_balance_violation_std": 0.12070098315030788,
    "fluctuation_theorem_ratio_mean": 0.5182384944304343,
    "fluctuation_theorem_ratio_std": 0.001269677834415195,
    "n_complex_modes_mean": 1.6,
    "n_complex_modes_std": 0.8944271909999161,
    "complex_fraction_mean": 0.0955683335052641,
    "complex_fraction_std": 0.17723062562252,
    "ktnd_nber_accuracy_mean": 0.8606220727753092,
    "ktnd_nber_accuracy_std": 0.01200450253223191,
    "ktnd_nber_f1_mean": 0.3445006777210885,
    "ktnd_nber_f1_std": 0.0038328127805096215
  },
  "multiasset": {
    "n_seeds": 5,
    "seeds": [
      0,
      1,
      2,
      3,
      42
    ],
    "vamp2_score_mean": -1.7951767285664875,
    "vamp2_score_std": 0.178378379376362,
    "spectral_gap_mean": 0.18063988639284412,
    "spectral_gap_std": 0.02128079331045954,
    "entropy_empirical_mean": 18.824890822649888,
    "entropy_empirical_std": 0.0,
    "entropy_total_mean": 1.9148359417915344,
    "entropy_total_std": 0.9935438468381622,
    "mean_irreversibility_mean": 6.411045932769776,
    "mean_irreversibility_std": 0.5780006934779905,
    "detailed_balance_violation_mean": 0.6795562751674816,
    "detailed_balance_violation_std": 0.028537252031425243,
    "fluctuation_theorem_ratio_mean": 0.002185956347243449,
    "fluctuation_theorem_ratio_std": 0.0,
    "n_complex_modes_mean": 9.6,
    "n_complex_modes_std": 1.6733200530681511,
    "complex_fraction_mean": 0.4351883731626878,
    "complex_fraction_std": 0.0680090370310306,
    "ktnd_nber_accuracy_mean": 0.8681388012618297,
    "ktnd_nber_accuracy_std": 0.0075578224294706306,
    "ktnd_nber_f1_mean": 0.5114181852564136,
    "ktnd_nber_f1_std": 0.013120143420396628
  }
}