{
  "feature_ablation": {
    "all_features": {
      "auroc": 0.778197593059054,
      "n_oos": 1215,
      "features": [
        "spectral_gap",
        "entropy_production",
        "mean_irreversibility",
        "vamp2_score"
      ]
    },
    "spectral_gap": {
      "auroc": 0.7138259165966975,
      "n_oos": 1215
    },
    "entropy_production": {
      "auroc": 0.8060453400503778,
      "n_oos": 1215
    },
    "mean_irreversibility": {
      "auroc": 0.6648474671144696,
      "n_oos": 1215
    },
    "vamp2_score": {
      "auroc": 0.6957038902882731,
      "n_oos": 1215
    },
    "spectral_gap_dominates": false,
    "elapsed_sec": 33.9
  },
  "gyrator_calibration": {
    "n_points": 5,
    "all_nonequilibrium_detected": true,
    "ratio_at_T2_3": 3.951833009719848,
    "ratio_range": [
      0.6871444546446509,
      31.66724109649661
    ],
    "spectral_ep_range": [
      0.5260949730873108,
      0.6597341895103455
    ],
    "analytical_ep_range": [
      0.020833333333333315,
      0.7656249999999999
    ],
    "perturbative_saturation": true,
    "calibration_points": [
      {
        "T1": 1.0,
        "T2": 1.5,
        "ep_analytical": 0.020833333333333315,
        "ep_kde": 5.921629597280806,
        "ep_kde_ci_lower": 4.020078241168445,
        "ep_kde_ci_upper": 4.176851962493443,
        "ep_spectral": 0.6597341895103455,
        "kde_to_true_ratio": 284.23822066947895,
        "spectral_to_true_ratio": 31.66724109649661,
        "kde_to_spectral_ratio": 8.97578099094097
      },
      {
        "T1": 1.0,
        "T2": 2.0,
        "ep_analytical": 0.06250000000000001,
        "ep_kde": 5.922656751562265,
        "ep_kde_ci_lower": 4.014184946712597,
        "ep_kde_ci_upper": 4.171709660646809,
        "ep_spectral": 0.6557685732841492,
        "kde_to_true_ratio": 94.76250802499622,
        "spectral_to_true_ratio": 10.492297172546385,
        "kde_to_spectral_ratio": 9.0316263890187
      },
      {
        "T1": 1.0,
        "T2": 3.0,
        "ep_analytical": 0.16666666666666669,
        "ep_kde": 5.92582730414472,
        "ep_kde_ci_lower": 4.004799986638562,
        "ep_kde_ci_upper": 4.162927981648379,
        "ep_spectral": 0.6586388349533081,
        "kde_to_true_ratio": 35.55496382486832,
        "spectral_to_true_ratio": 3.951833009719848,
        "kde_to_spectral_ratio": 8.99708154100086
      },
      {
        "T1": 1.0,
        "T2": 5.0,
        "ep_analytical": 0.4,
        "ep_kde": 5.934419018946021,
        "ep_kde_ci_lower": 3.9924947581360466,
        "ep_kde_ci_upper": 4.151355131990158,
        "ep_spectral": 0.5948421955108643,
        "kde_to_true_ratio": 14.836047547365052,
        "spectral_to_true_ratio": 1.4871054887771606,
        "kde_to_spectral_ratio": 9.976459410128772
      },
      {
        "T1": 1.0,
        "T2": 8.0,
        "ep_analytical": 0.7656249999999999,
        "ep_kde": 5.9498807007957835,
        "ep_kde_ci_lower": 3.97753609136827,
        "ep_kde_ci_upper": 4.139126136344178,
        "ep_spectral": 0.5260949730873108,
        "kde_to_true_ratio": 7.7712727520598,
        "spectral_to_true_ratio": 0.6871444546446509,
        "kde_to_spectral_ratio": 11.30951825272115
      }
    ],
    "elapsed_sec": 0.0
  },
  "neep": {
    "classifier_accuracy": 0.5112578805163615,
    "ep_neep_lower_bound": 0.0450391341002026,
    "ep_spectral": 0.9379056692123413,
    "ep_kde": 4.2169852112916,
    "n_test": 3331,
    "n_train": 13321,
    "above_chance": true,
    "neep_to_spectral_ratio": 0.04802096370525911,
    "elapsed_sec": 1.9
  },
  "richer_baselines": {
    "realized_vol_20d": {
      "auroc": 0.5041981528127624,
      "n_oos": 1215
    },
    "yield_curve_slope": {
      "auroc": 0.5394622093023256,
      "n_oos": 876
    },
    "vix_level": {
      "auroc": 0.5583543240973972,
      "n_oos": 1215
    },
    "spectral_gap": {
      "auroc": 0.7138259165966975,
      "n_oos": 1215
    },
    "elapsed_sec": 13.7
  },
  "window_sensitivity": {
    "250": {
      "auroc": 0.7199835526315789,
      "n_oos": 1240,
      "n_windows": 1616,
      "elapsed_sec": 16.3
    },
    "500": {
      "auroc": 0.778197593059054,
      "n_oos": 1215,
      "n_windows": 1566,
      "elapsed_sec": 28.2
    },
    "750": {
      "auroc": 0.8181103487707261,
      "n_oos": 1190,
      "n_windows": 1516,
      "elapsed_sec": 24.4
    },
    "1000": {
      "auroc": 0.7935655857434999,
      "n_oos": 1165,
      "n_windows": 1466,
      "elapsed_sec": 23.5
    },
    "auroc_spread": 0.09812679613914721,
    "stable": true,
    "elapsed_sec": 92.6
  },
  "bootstrap_phases": {
    "n_bootstrap": 200,
    "ci_level": 0.95,
    "block_size": 20,
    "modes": [
      {
        "mode": 0,
        "mag_mean": 0.44119030237197876,
        "mag_ci": [
          0.24574763849377632,
          0.5738136053085328
        ],
        "phase_mean": 0.23120491206645966,
        "phase_std": 0.8012686371803284,
        "phase_ci": [
          0.0,
          3.141592502593994
        ]
      },
      {
        "mode": 1,
        "mag_mean": 0.28498101234436035,
        "mag_ci": [
          0.15998025387525558,
          0.387997268140316
        ],
        "phase_mean": 2.580353021621704,
        "phase_std": 1.1339571475982666,
        "phase_ci": [
          -0.23366796597838388,
          3.141592502593994
        ]
      },
      {
        "mode": 2,
        "mag_mean": 0.17597340047359467,
        "mag_ci": [
          0.08497379124164582,
          0.2877446971833706
        ],
        "phase_mean": 0.9134714603424072,
        "phase_std": 1.5286333560943604,
        "phase_ci": [
          -2.6548513174057007,
          3.141592502593994
        ]
      },
      {
        "mode": 3,
        "mag_mean": 0.145962655544281,
        "mag_ci": [
          0.04991387147456408,
          0.272875539213419
        ],
        "phase_mean": 0.17508524656295776,
        "phase_std": 1.6951245069503784,
        "phase_ci": [
          -2.411261337995529,
          3.141592502593994
        ]
      },
      {
        "mode": 4,
        "mag_mean": 0.09182757139205933,
        "mag_ci": [
          0.004552763549145314,
          0.21513390503823765
        ],
        "phase_mean": 0.513822615146637,
        "phase_std": 1.925436019897461,
        "phase_ci": [
          -2.529291790723801,
          3.141592502593994
        ]
      }
    ],
    "n_nonzero_phase": 0,
    "elapsed_sec": 2.7
  }
}